Original_Feature,Importance
type_of_house,0.14754581321208476
occupation,0.13411894251811884
socio_economic_class,0.12091490325907049
floor_area,0.11750890089790718
education,0.11198316505781612
electricity_provider_csc_area,0.09309064456736377
water_heating_method,0.09096761790337793
built_year_of_the_house,0.07232693381524427
monthly_expenditure,0.061140588752184456
household_size,0.024104512176502217
cooking_fuel,0.016411658229138683
house_ownership,0.009886319611191524
