Model,Train Accuracy,Test Accuracy,Precision,Recall,F1 Score,ROC-AUC
Logistic Regression,0.8212307692307692,0.8204182041820418,0.3333333333333333,0.8024691358024691,0.47101449275362317,0.8929872495446266
Random Forest,1.0,0.9003690036900369,0.5,0.19753086419753085,0.2831858407079646,0.8775973149834715
XGBoost,0.9747692307692307,0.9052890528905289,0.5357142857142857,0.37037037037037035,0.43795620437956206,0.8772684341901099
